id;reference;montant;date;statut;work_order_id;created_at;updated_at;created_by;created_by_user_login;updated_by;updated_by_user_login
1;Shoes payment;90524;2026-03-12;Creation;57514;2026-03-12T05:01:46;2026-03-12T03:01:23;up Bedfordshire Comoro;Bulgarian optical;synthesizing payment;Handcrafted Avon
2;innovative Investor;33454;2026-03-12;Fin;51126;2026-03-12T10:28:25;2026-03-11T17:05:19;Armenian;Buckinghamshire;Associate;Plastic
3;Dynamic Soft Data;95445;2026-03-11;ExecutionDesTravaux;89048;2026-03-12T03:41:12;2026-03-11T14:13:41;generating Specialist Steel;Missouri;Cambridgeshire Identity Savings;Awesome Cotton bypassing
4;Berkshire;16880;2026-03-12;Fin;53131;2026-03-12T02:53:36;2026-03-11T13:36:23;neural;Generic AI;Handmade;Shoes Wooden Cotton
5;vertical;8882;2026-03-11;Creation;36281;2026-03-11T13:39:07;2026-03-11T23:33:50;Corporate Technician Greens;Arkansas;system;Account communities Norway
6;Lakes programming;264;2026-03-12;Fin;80986;2026-03-11T19:24:43;2026-03-12T06:40:57;Awesome generating;Grass-roots;extensible Oregon Berkshire;array Frozen
7;content Australian;98569;2026-03-12;ExecutionDesTravaux;13682;2026-03-11T15:03:14;2026-03-11T22:37:50;Technician Fresh communities;SMS Producer Future-proofed;FTP;back-end Account
8;Palau;84161;2026-03-11;Creation;63402;2026-03-11T20:04:05;2026-03-11T18:02:17;engage;hacking User-friendly;Interface;Home black
9;Dollar;2411;2026-03-12;ExecutionDesTravaux;39069;2026-03-12T00:19:38;2026-03-12T00:38:17;Tactics;killer;zero Incredible monitoring;Jersey
10;quantifying Designer Loan;32373;2026-03-11;Creation;31842;2026-03-11T16:30:17;2026-03-11T23:43:53;redundant;Nevada;Re-contextualized alliance Serbia;Dynamic Vanuatu Granite
